RequestID,Status,CTime(s),PTime(s),WTime(s),TTime(s),ResponseSize(bytes),Timestamp
4,error,N/A,N/A,N/A,N/A,0,2025-11-06 17:43:43
1,error,N/A,N/A,N/A,N/A,0,2025-11-06 17:43:43
2,error,N/A,N/A,N/A,N/A,0,2025-11-06 17:43:43
5,error,N/A,N/A,N/A,N/A,0,2025-11-06 17:43:43
3,error,N/A,N/A,N/A,N/A,0,2025-11-06 17:43:43
8,error,N/A,N/A,N/A,N/A,0,2025-11-06 17:44:06
6,error,N/A,N/A,N/A,N/A,0,2025-11-06 17:44:06
7,error,N/A,N/A,N/A,N/A,0,2025-11-06 17:44:06
9,error,N/A,N/A,N/A,N/A,0,2025-11-06 17:44:06
10,error,N/A,N/A,N/A,N/A,0,2025-11-06 17:44:06
